record_id,vehicle_id,date,maintenance_type,failure_type,severity,parts_replaced,repair_cost,downtime_hours,technician_id,workshop_id,root_cause,action_taken,notes,next_maintenance_date
REC-VEH-1000-148,VEH-1000,2026-02-09T22:26:25.934851,preventive,engine,critical,"['oil filter', 'spark plugs', 'air filter', 'piston rings']",5317.31,70.4,TECH-015,WS-003,Wear and tear on engine components,"Replaced oil filter, spark plugs, air filter, piston rings",Routine critical maintenance,2026-04-09T22:26:25.934851
REC-VEH-1000-97,VEH-1000,2026-04-01T22:26:25.965475,preventive,engine,low,['air filter'],214.86,3.6,TECH-010,WS-002,Wear and tear on engine components,Replaced air filter,Routine low maintenance,2026-05-09T22:26:25.965475
REC-VEH-1000-70,VEH-1000,2026-04-28T22:26:25.966059,predictive,transmission,low,['gears'],269.01,1.2,TECH-013,WS-001,Wear and tear on transmission components,Replaced gears,Routine low maintenance,2026-07-17T22:26:25.966059
REC-VEH-1000-49,VEH-1000,2026-05-19T22:26:25.966344,preventive,brake,critical,"['calipers', 'brake rotors', 'brake fluid', 'brake pads']",5733.62,72.2,TECH-002,WS-001,Wear and tear on brake components,"Replaced calipers, brake rotors, brake fluid, brake pads",Routine critical maintenance,2026-07-19T22:26:25.966344
REC-VEH-1000-196,VEH-1000,2025-12-23T22:26:25.966512,predictive,transmission,low,['clutch'],223.85,2.6,TECH-005,WS-003,Wear and tear on transmission components,Replaced clutch,Routine low maintenance,2026-03-08T22:26:25.966512
REC-VEH-1000-91,VEH-1000,2026-04-07T22:26:25.966682,predictive,electrical,low,['alternator'],266.36,3.5,TECH-018,WS-003,Wear and tear on electrical components,Replaced alternator,Routine low maintenance,2026-06-23T22:26:25.966682
REC-VEH-1000-58,VEH-1000,2026-05-10T22:26:25.966837,corrective,electrical,medium,"['battery', 'starter motor']",871.59,7.1,TECH-005,WS-002,Wear and tear on electrical components,"Replaced battery, starter motor",Routine medium maintenance,2026-07-28T22:26:25.966837
REC-VEH-1000-166,VEH-1000,2026-01-22T22:26:25.966995,corrective,engine,low,['spark plugs'],245.54,1.6,TECH-017,WS-001,Wear and tear on engine components,Replaced spark plugs,Routine low maintenance,2026-03-26T22:26:25.966995
REC-VEH-1000-223,VEH-1000,2025-11-26T22:26:25.967133,predictive,transmission,medium,"['transmission fluid', 'synchros']",781.62,11.4,TECH-013,WS-004,Wear and tear on transmission components,"Replaced transmission fluid, synchros",Routine medium maintenance,2026-01-23T22:26:25.967133
REC-VEH-1000-224,VEH-1000,2025-11-25T22:26:25.967274,corrective,engine,medium,"['oil filter', 'spark plugs']",805.55,6.9,TECH-012,WS-002,Wear and tear on engine components,"Replaced oil filter, spark plugs",Routine medium maintenance,2026-01-26T22:26:25.967274
REC-VEH-1000-25,VEH-1000,2026-06-12T22:26:25.967410,preventive,electrical,low,['wiring harness'],280.58,1.0,TECH-019,WS-002,Wear and tear on electrical components,Replaced wiring harness,Routine low maintenance,2026-09-06T22:26:25.967410
REC-VEH-1000-30,VEH-1000,2026-06-07T22:26:25.967548,preventive,electrical,low,['alternator'],183.64,1.9,TECH-008,WS-003,Wear and tear on electrical components,Replaced alternator,Routine low maintenance,2026-07-24T22:26:25.967548
REC-VEH-1000-81,VEH-1000,2026-04-17T22:26:25.967687,preventive,engine,medium,"['piston rings', 'spark plugs']",806.53,6.1,TECH-008,WS-004,Wear and tear on engine components,"Replaced piston rings, spark plugs",Routine medium maintenance,2026-06-15T22:26:25.967687
REC-VEH-1000-286,VEH-1000,2025-09-24T22:26:25.968003,predictive,electrical,critical,"['battery', 'alternator', 'starter motor', 'wiring harness']",5678.92,72.6,TECH-008,WS-001,Wear and tear on electrical components,"Replaced battery, alternator, starter motor, wiring harness",Routine critical maintenance,2025-10-27T22:26:25.968003
REC-VEH-1001-195,VEH-1001,2025-12-24T22:26:25.968278,preventive,brake,high,"['brake fluid', 'brake rotors', 'brake pads']",2079.05,26.7,TECH-019,WS-003,Wear and tear on brake components,"Replaced brake fluid, brake rotors, brake pads",Routine high maintenance,2026-01-28T22:26:25.968278
REC-VEH-1001-315,VEH-1001,2025-08-26T22:26:25.968508,corrective,brake,critical,"['calipers', 'brake pads', 'brake fluid', 'brake rotors']",5586.62,75.6,TECH-006,WS-001,Wear and tear on brake components,"Replaced calipers, brake pads, brake fluid, brake rotors",Routine critical maintenance,2025-09-25T22:26:25.968508
REC-VEH-1001-346,VEH-1001,2025-07-26T22:26:25.968740,corrective,brake,low,['brake fluid'],266.42,3.0,TECH-018,WS-004,Wear and tear on brake components,Replaced brake fluid,Routine low maintenance,2025-09-18T22:26:25.968740
REC-VEH-1001-53,VEH-1001,2026-05-15T22:26:25.968961,preventive,engine,medium,"['oil filter', 'piston rings']",778.84,10.8,TECH-002,WS-002,Wear and tear on engine components,"Replaced oil filter, piston rings",Routine medium maintenance,2026-07-11T22:26:25.968961
REC-VEH-1001-300,VEH-1001,2025-09-10T22:26:25.969181,corrective,tire,low,['wheel bearings'],193.1,5.5,TECH-012,WS-004,Wear and tear on tire components,Replaced wheel bearings,Routine low maintenance,2025-11-06T22:26:25.969181
REC-VEH-1001-305,VEH-1001,2025-09-05T22:26:25.969420,corrective,tire,medium,"['TPMS sensors', 'tires']",627.57,7.3,TECH-015,WS-001,Wear and tear on tire components,"Replaced TPMS sensors, tires",Routine medium maintenance,2025-12-01T22:26:25.969420
REC-VEH-1001-359,VEH-1001,2025-07-13T22:26:25.969681,preventive,engine,low,['piston rings'],257.06,1.8,TECH-011,WS-001,Wear and tear on engine components,Replaced piston rings,Routine low maintenance,2025-10-07T22:26:25.969681
REC-VEH-1001-316,VEH-1001,2025-08-25T22:26:25.969910,predictive,engine,high,"['piston rings', 'oil filter', 'air filter']",2072.01,27.5,TECH-003,WS-003,Wear and tear on engine components,"Replaced piston rings, oil filter, air filter",Routine high maintenance,2025-09-27T22:26:25.969910
REC-VEH-1001-99,VEH-1001,2026-03-30T22:26:25.970128,predictive,engine,medium,"['piston rings', 'air filter']",758.66,7.0,TECH-002,WS-003,Wear and tear on engine components,"Replaced piston rings, air filter",Routine medium maintenance,2026-05-17T22:26:25.970128
REC-VEH-1001-18,VEH-1001,2026-06-19T22:26:25.970342,preventive,engine,low,['air filter'],253.78,3.5,TECH-012,WS-002,Wear and tear on engine components,Replaced air filter,Routine low maintenance,2026-08-02T22:26:25.970342
REC-VEH-1001-6,VEH-1001,2026-07-01T22:26:25.970562,preventive,electrical,high,"['wiring harness', 'alternator', 'battery']",1891.46,22.0,TECH-010,WS-004,Wear and tear on electrical components,"Replaced wiring harness, alternator, battery",Routine high maintenance,2026-08-24T22:26:25.970562
REC-VEH-1001-31,VEH-1001,2026-06-06T22:26:25.970795,predictive,engine,medium,"['air filter', 'oil filter']",680.95,10.5,TECH-012,WS-004,Wear and tear on engine components,"Replaced air filter, oil filter",Routine medium maintenance,2026-07-19T22:26:25.970795
REC-VEH-1002-163,VEH-1002,2026-01-25T22:26:25.971033,corrective,transmission,high,"['gears', 'transmission fluid', 'synchros']",1900.15,27.5,TECH-016,WS-001,Wear and tear on transmission components,"Replaced gears, transmission fluid, synchros",Routine high maintenance,2026-04-21T22:26:25.971033
REC-VEH-1002-245,VEH-1002,2025-11-04T22:26:25.971262,preventive,electrical,low,['battery'],209.24,1.6,TECH-008,WS-001,Wear and tear on electrical components,Replaced battery,Routine low maintenance,2025-12-12T22:26:25.971262
REC-VEH-1002-242,VEH-1002,2025-11-07T22:26:25.971489,corrective,engine,critical,"['spark plugs', 'piston rings', 'oil filter', 'air filter']",5493.18,73.5,TECH-015,WS-001,Wear and tear on engine components,"Replaced spark plugs, piston rings, oil filter, air filter",Routine critical maintenance,2025-12-15T22:26:25.971489
REC-VEH-1002-273,VEH-1002,2025-10-07T22:26:25.971721,preventive,engine,low,['air filter'],236.29,1.6,TECH-015,WS-002,Wear and tear on engine components,Replaced air filter,Routine low maintenance,2025-11-29T22:26:25.971721
REC-VEH-1002-118,VEH-1002,2026-03-11T22:26:25.971930,preventive,electrical,medium,"['alternator', 'battery']",865.13,8.0,TECH-014,WS-002,Wear and tear on electrical components,"Replaced alternator, battery",Routine medium maintenance,2026-05-06T22:26:25.971930
REC-VEH-1002-233,VEH-1002,2025-11-16T22:26:25.972142,predictive,engine,low,['air filter'],239.4,5.4,TECH-001,WS-002,Wear and tear on engine components,Replaced air filter,Routine low maintenance,2026-02-09T22:26:25.972142
REC-VEH-1002-176,VEH-1002,2026-01-12T22:26:25.972345,predictive,tire,medium,"['tires', 'wheel bearings']",712.06,9.0,TECH-011,WS-002,Wear and tear on tire components,"Replaced tires, wheel bearings",Routine medium maintenance,2026-03-31T22:26:25.972345
REC-VEH-1002-123,VEH-1002,2026-03-06T22:26:25.972546,preventive,engine,medium,"['oil filter', 'spark plugs']",839.79,6.4,TECH-005,WS-003,Wear and tear on engine components,"Replaced oil filter, spark plugs",Routine medium maintenance,2026-04-13T22:26:25.972546
REC-VEH-1002-49,VEH-1002,2026-05-19T22:26:25.972760,predictive,brake,medium,"['calipers', 'brake rotors']",659.82,9.8,TECH-019,WS-004,Wear and tear on brake components,"Replaced calipers, brake rotors",Routine medium maintenance,2026-07-24T22:26:25.972760
REC-VEH-1002-248,VEH-1002,2025-11-01T22:26:25.972974,corrective,electrical,high,"['wiring harness', 'battery', 'starter motor']",1991.89,26.8,TECH-019,WS-002,Wear and tear on electrical components,"Replaced wiring harness, battery, starter motor",Routine high maintenance,2026-01-02T22:26:25.972974
REC-VEH-1003-263,VEH-1003,2025-10-17T22:26:25.973193,predictive,electrical,high,"['alternator', 'wiring harness', 'battery']",1735.07,25.2,TECH-001,WS-002,Wear and tear on electrical components,"Replaced alternator, wiring harness, battery",Routine high maintenance,2025-11-16T22:26:25.973193
REC-VEH-1003-189,VEH-1003,2025-12-30T22:26:25.973393,corrective,tire,medium,"['tires', 'valve stems']",810.39,10.9,TECH-005,WS-004,Wear and tear on tire components,"Replaced tires, valve stems",Routine medium maintenance,2026-03-14T22:26:25.973393
REC-VEH-1003-56,VEH-1003,2026-05-12T22:26:25.973699,predictive,electrical,medium,"['battery', 'alternator']",792.58,6.3,TECH-002,WS-003,Wear and tear on electrical components,"Replaced battery, alternator",Routine medium maintenance,2026-06-30T22:26:25.973699
REC-VEH-1003-321,VEH-1003,2025-08-20T22:26:25.973928,corrective,brake,medium,"['brake rotors', 'calipers']",841.2,6.9,TECH-015,WS-002,Wear and tear on brake components,"Replaced brake rotors, calipers",Routine medium maintenance,2025-09-21T22:26:25.973928
REC-VEH-1003-299,VEH-1003,2025-09-11T22:26:25.974132,preventive,electrical,low,['battery'],271.57,3.5,TECH-007,WS-001,Wear and tear on electrical components,Replaced battery,Routine low maintenance,2025-10-31T22:26:25.974132
REC-VEH-1003-151,VEH-1003,2026-02-06T22:26:25.974346,preventive,transmission,medium,"['transmission fluid', 'synchros']",616.68,7.0,TECH-004,WS-001,Wear and tear on transmission components,"Replaced transmission fluid, synchros",Routine medium maintenance,2026-05-01T22:26:25.974346
REC-VEH-1003-361,VEH-1003,2025-07-11T22:26:25.974555,preventive,transmission,low,['clutch'],268.3,3.0,TECH-010,WS-002,Wear and tear on transmission components,Replaced clutch,Routine low maintenance,2025-08-29T22:26:25.974555
REC-VEH-1003-23,VEH-1003,2026-06-14T22:26:25.974776,preventive,brake,low,['calipers'],273.65,5.4,TECH-009,WS-001,Wear and tear on brake components,Replaced calipers,Routine low maintenance,2026-09-08T22:26:25.974776
REC-VEH-1003-191,VEH-1003,2025-12-28T22:26:25.975021,preventive,brake,medium,"['brake pads', 'calipers']",849.16,10.3,TECH-002,WS-004,Wear and tear on brake components,"Replaced brake pads, calipers",Routine medium maintenance,2026-03-17T22:26:25.975021
REC-VEH-1003-57,VEH-1003,2026-05-11T22:26:25.975230,predictive,transmission,critical,"['transmission fluid', 'gears', 'clutch', 'synchros']",5251.38,72.6,TECH-011,WS-003,Wear and tear on transmission components,"Replaced transmission fluid, gears, clutch, synchros",Routine critical maintenance,2026-07-13T22:26:25.975230
REC-VEH-1003-295,VEH-1003,2025-09-15T22:26:25.975437,preventive,engine,low,['spark plugs'],247.91,3.8,TECH-019,WS-004,Wear and tear on engine components,Replaced spark plugs,Routine low maintenance,2025-12-06T22:26:25.975437
REC-VEH-1004-139,VEH-1004,2026-02-18T22:26:25.975683,preventive,electrical,low,['starter motor'],198.24,4.8,TECH-008,WS-002,Wear and tear on electrical components,Replaced starter motor,Routine low maintenance,2026-04-19T22:26:25.975683
REC-VEH-1004-289,VEH-1004,2025-09-21T22:26:25.975902,predictive,electrical,medium,"['wiring harness', 'alternator']",691.39,10.9,TECH-015,WS-003,Wear and tear on electrical components,"Replaced wiring harness, alternator",Routine medium maintenance,2025-11-04T22:26:25.975902
REC-VEH-1004-114,VEH-1004,2026-03-15T22:26:25.976104,preventive,electrical,medium,"['starter motor', 'wiring harness']",744.26,11.1,TECH-018,WS-003,Wear and tear on electrical components,"Replaced starter motor, wiring harness",Routine medium maintenance,2026-04-26T22:26:25.976104
REC-VEH-1004-188,VEH-1004,2025-12-31T22:26:25.976411,predictive,engine,low,['piston rings'],232.16,2.6,TECH-009,WS-002,Wear and tear on engine components,Replaced piston rings,Routine low maintenance,2026-02-22T22:26:25.976411
REC-VEH-1004-111,VEH-1004,2026-03-18T22:26:25.976688,predictive,transmission,medium,"['synchros', 'gears']",787.22,10.9,TECH-004,WS-002,Wear and tear on transmission components,"Replaced synchros, gears",Routine medium maintenance,2026-05-13T22:26:25.976688
REC-VEH-1004-161,VEH-1004,2026-01-27T22:26:25.976934,corrective,transmission,low,['transmission fluid'],251.29,5.9,TECH-013,WS-003,Wear and tear on transmission components,Replaced transmission fluid,Routine low maintenance,2026-03-25T22:26:25.976934
REC-VEH-1004-183,VEH-1004,2026-01-05T22:26:25.977145,preventive,electrical,high,"['starter motor', 'battery', 'alternator']",1980.75,24.6,TECH-015,WS-004,Wear and tear on electrical components,"Replaced starter motor, battery, alternator",Routine high maintenance,2026-04-04T22:26:25.977145
REC-VEH-1004-61,VEH-1004,2026-05-07T22:26:25.977362,predictive,electrical,medium,"['starter motor', 'wiring harness']",693.15,7.4,TECH-005,WS-001,Wear and tear on electrical components,"Replaced starter motor, wiring harness",Routine medium maintenance,2026-06-29T22:26:25.977362
REC-VEH-1004-84,VEH-1004,2026-04-14T22:26:25.977587,corrective,tire,low,['wheel bearings'],269.09,2.6,TECH-005,WS-002,Wear and tear on tire components,Replaced wheel bearings,Routine low maintenance,2026-07-12T22:26:25.977587
REC-VEH-1004-190,VEH-1004,2025-12-29T22:26:25.977807,predictive,tire,medium,"['tires', 'wheel bearings']",712.01,7.4,TECH-016,WS-001,Wear and tear on tire components,"Replaced tires, wheel bearings",Routine medium maintenance,2026-03-20T22:26:25.977807
REC-VEH-1004-339,VEH-1004,2025-08-02T22:26:25.978013,preventive,engine,high,"['oil filter', 'piston rings', 'air filter']",2068.1,27.3,TECH-006,WS-002,Wear and tear on engine components,"Replaced oil filter, piston rings, air filter",Routine high maintenance,2025-10-08T22:26:25.978013
REC-VEH-1004-42,VEH-1004,2026-05-26T22:26:25.978206,corrective,electrical,high,"['battery', 'alternator', 'starter motor']",1799.03,26.3,TECH-003,WS-001,Wear and tear on electrical components,"Replaced battery, alternator, starter motor",Routine high maintenance,2026-08-18T22:26:25.978206
REC-VEH-1004-333,VEH-1004,2025-08-08T22:26:25.978426,preventive,brake,medium,"['brake fluid', 'calipers']",849.86,10.8,TECH-013,WS-001,Wear and tear on brake components,"Replaced brake fluid, calipers",Routine medium maintenance,2025-10-05T22:26:25.978426
REC-VEH-1004-27,VEH-1004,2026-06-10T22:26:25.978649,corrective,electrical,high,"['battery', 'wiring harness', 'starter motor']",1671.73,26.3,TECH-007,WS-004,Wear and tear on electrical components,"Replaced battery, wiring harness, starter motor",Routine high maintenance,2026-08-07T22:26:25.978649
REC-VEH-1004-350,VEH-1004,2025-07-22T22:26:25.978884,preventive,transmission,medium,"['clutch', 'synchros']",862.12,9.5,TECH-010,WS-003,Wear and tear on transmission components,"Replaced clutch, synchros",Routine medium maintenance,2025-10-18T22:26:25.978884
REC-VEH-1005-65,VEH-1005,2026-05-03T22:26:25.979108,predictive,engine,medium,"['air filter', 'spark plugs']",853.32,8.5,TECH-016,WS-002,Wear and tear on engine components,"Replaced air filter, spark plugs",Routine medium maintenance,2026-06-05T22:26:25.979108
REC-VEH-1005-243,VEH-1005,2025-11-06T22:26:25.979340,predictive,electrical,medium,"['alternator', 'starter motor']",808.02,9.6,TECH-014,WS-002,Wear and tear on electrical components,"Replaced alternator, starter motor",Routine medium maintenance,2025-12-25T22:26:25.979340
REC-VEH-1005-202,VEH-1005,2025-12-17T22:26:25.979725,corrective,brake,high,"['brake fluid', 'brake rotors', 'brake pads']",1798.03,23.1,TECH-011,WS-003,Wear and tear on brake components,"Replaced brake fluid, brake rotors, brake pads",Routine high maintenance,2026-02-11T22:26:25.979725
REC-VEH-1005-132,VEH-1005,2026-02-25T22:26:25.979930,preventive,engine,low,['air filter'],195.61,3.5,TECH-013,WS-002,Wear and tear on engine components,Replaced air filter,Routine low maintenance,2026-04-28T22:26:25.979930
REC-VEH-1005-236,VEH-1005,2025-11-13T22:26:25.980097,corrective,engine,high,"['oil filter', 'spark plugs', 'piston rings']",1967.96,25.5,TECH-001,WS-002,Wear and tear on engine components,"Replaced oil filter, spark plugs, piston rings",Routine high maintenance,2025-12-19T22:26:25.980097
REC-VEH-1005-173,VEH-1005,2026-01-15T22:26:25.980273,corrective,brake,low,['calipers'],288.88,4.3,TECH-010,WS-002,Wear and tear on brake components,Replaced calipers,Routine low maintenance,2026-03-12T22:26:25.980273
REC-VEH-1005-159,VEH-1005,2026-01-29T22:26:25.980464,corrective,transmission,high,"['clutch', 'transmission fluid', 'gears']",2039.16,22.5,TECH-008,WS-002,Wear and tear on transmission components,"Replaced clutch, transmission fluid, gears",Routine high maintenance,2026-04-23T22:26:25.980464
REC-VEH-1005-311,VEH-1005,2025-08-30T22:26:25.980657,corrective,brake,low,['brake pads'],227.15,2.8,TECH-002,WS-001,Wear and tear on brake components,Replaced brake pads,Routine low maintenance,2025-11-11T22:26:25.980657
REC-VEH-1005-233,VEH-1005,2025-11-16T22:26:25.980804,preventive,transmission,high,"['clutch', 'transmission fluid', 'synchros']",1684.72,26.6,TECH-011,WS-003,Wear and tear on transmission components,"Replaced clutch, transmission fluid, synchros",Routine high maintenance,2026-01-30T22:26:25.980804
REC-VEH-1005-198,VEH-1005,2025-12-21T22:26:25.980945,preventive,transmission,medium,"['clutch', 'synchros']",666.41,6.8,TECH-012,WS-004,Wear and tear on transmission components,"Replaced clutch, synchros",Routine medium maintenance,2026-02-17T22:26:25.980945
REC-VEH-1005-292,VEH-1005,2025-09-18T22:26:25.981204,predictive,brake,low,['brake rotors'],170.16,3.0,TECH-019,WS-004,Wear and tear on brake components,Replaced brake rotors,Routine low maintenance,2025-10-31T22:26:25.981204
REC-VEH-1005-43,VEH-1005,2026-05-25T22:26:25.981515,preventive,engine,high,"['piston rings', 'spark plugs', 'air filter']",1743.59,27.5,TECH-009,WS-003,Wear and tear on engine components,"Replaced piston rings, spark plugs, air filter",Routine high maintenance,2026-07-29T22:26:25.981515
REC-VEH-1006-15,VEH-1006,2026-06-22T22:26:25.981822,corrective,engine,low,['piston rings'],168.13,4.4,TECH-016,WS-003,Wear and tear on engine components,Replaced piston rings,Routine low maintenance,2026-08-07T22:26:25.981822
REC-VEH-1006-177,VEH-1006,2026-01-11T22:26:25.982094,preventive,engine,medium,"['piston rings', 'spark plugs']",873.06,9.4,TECH-012,WS-002,Wear and tear on engine components,"Replaced piston rings, spark plugs",Routine medium maintenance,2026-03-12T22:26:25.982094
REC-VEH-1006-84,VEH-1006,2026-04-14T22:26:25.982254,corrective,brake,critical,"['brake rotors', 'brake pads', 'brake fluid', 'calipers']",5350.48,73.4,TECH-001,WS-004,Wear and tear on brake components,"Replaced brake rotors, brake pads, brake fluid, calipers",Routine critical maintenance,2026-05-26T22:26:25.982254
REC-VEH-1006-335,VEH-1006,2025-08-06T22:26:25.982404,corrective,brake,medium,"['brake rotors', 'brake fluid']",719.72,7.5,TECH-001,WS-001,Wear and tear on brake components,"Replaced brake rotors, brake fluid",Routine medium maintenance,2025-10-13T22:26:25.982404
REC-VEH-1006-314,VEH-1006,2025-08-27T22:26:25.982570,preventive,engine,high,"['piston rings', 'oil filter', 'spark plugs']",1824.75,23.6,TECH-001,WS-003,Wear and tear on engine components,"Replaced piston rings, oil filter, spark plugs",Routine high maintenance,2025-10-13T22:26:25.982570
REC-VEH-1006-363,VEH-1006,2025-07-09T22:26:25.982712,preventive,tire,medium,"['valve stems', 'wheel bearings']",841.98,10.9,TECH-016,WS-002,Wear and tear on tire components,"Replaced valve stems, wheel bearings",Routine medium maintenance,2025-08-22T22:26:25.982712
REC-VEH-1006-332,VEH-1006,2025-08-09T22:26:25.982853,predictive,brake,medium,"['brake fluid', 'brake rotors']",738.71,8.7,TECH-010,WS-001,Wear and tear on brake components,"Replaced brake fluid, brake rotors",Routine medium maintenance,2025-10-14T22:26:25.982853
REC-VEH-1006-329,VEH-1006,2025-08-12T22:26:25.982990,preventive,transmission,low,['transmission fluid'],254.29,4.6,TECH-008,WS-002,Wear and tear on transmission components,Replaced transmission fluid,Routine low maintenance,2025-10-20T22:26:25.982990
REC-VEH-1006-290,VEH-1006,2025-09-20T22:26:25.983190,predictive,engine,low,['air filter'],217.97,5.7,TECH-009,WS-002,Wear and tear on engine components,Replaced air filter,Routine low maintenance,2025-12-13T22:26:25.983190
REC-VEH-1006-21,VEH-1006,2026-06-16T22:26:25.983333,predictive,brake,high,"['brake pads', 'calipers', 'brake rotors']",1668.88,22.9,TECH-015,WS-001,Wear and tear on brake components,"Replaced brake pads, calipers, brake rotors",Routine high maintenance,2026-08-02T22:26:25.983333
REC-VEH-1006-127,VEH-1006,2026-03-02T22:26:25.983469,predictive,transmission,low,['transmission fluid'],287.74,2.9,TECH-010,WS-002,Wear and tear on transmission components,Replaced transmission fluid,Routine low maintenance,2026-05-13T22:26:25.983469
REC-VEH-1007-225,VEH-1007,2025-11-24T22:26:25.983610,preventive,engine,medium,"['piston rings', 'air filter']",756.27,11.4,TECH-008,WS-001,Wear and tear on engine components,"Replaced piston rings, air filter",Routine medium maintenance,2026-01-10T22:26:25.983610
REC-VEH-1007-331,VEH-1007,2025-08-10T22:26:25.983746,corrective,brake,critical,"['brake rotors', 'brake fluid', 'brake pads', 'calipers']",5483.16,72.9,TECH-019,WS-001,Wear and tear on brake components,"Replaced brake rotors, brake fluid, brake pads, calipers",Routine critical maintenance,2025-09-11T22:26:25.983746
REC-VEH-1007-80,VEH-1007,2026-04-18T22:26:25.983882,preventive,engine,medium,"['air filter', 'spark plugs']",812.87,10.0,TECH-014,WS-001,Wear and tear on engine components,"Replaced air filter, spark plugs",Routine medium maintenance,2026-07-12T22:26:25.983882
REC-VEH-1007-64,VEH-1007,2026-05-04T22:26:25.984017,preventive,brake,medium,"['calipers', 'brake pads']",723.4,9.9,TECH-009,WS-002,Wear and tear on brake components,"Replaced calipers, brake pads",Routine medium maintenance,2026-06-28T22:26:25.984017
REC-VEH-1007-209,VEH-1007,2025-12-10T22:26:25.984151,predictive,engine,low,['piston rings'],210.73,5.6,TECH-006,WS-001,Wear and tear on engine components,Replaced piston rings,Routine low maintenance,2026-03-06T22:26:25.984151
REC-VEH-1007-172,VEH-1007,2026-01-16T22:26:25.984284,preventive,tire,critical,"['tires', 'valve stems', 'wheel bearings', 'TPMS sensors']",5735.51,71.2,TECH-004,WS-002,Wear and tear on tire components,"Replaced tires, valve stems, wheel bearings, TPMS sensors",Routine critical maintenance,2026-02-27T22:26:25.984284
REC-VEH-1007-142,VEH-1007,2026-02-15T22:26:25.984419,preventive,electrical,high,"['wiring harness', 'alternator', 'battery']",1733.72,23.3,TECH-011,WS-002,Wear and tear on electrical components,"Replaced wiring harness, alternator, battery",Routine high maintenance,2026-04-10T22:26:25.984419
REC-VEH-1007-252,VEH-1007,2025-10-28T22:26:25.984555,predictive,engine,high,"['oil filter', 'air filter', 'spark plugs']",1860.29,25.9,TECH-015,WS-002,Wear and tear on engine components,"Replaced oil filter, air filter, spark plugs",Routine high maintenance,2025-12-10T22:26:25.984555
REC-VEH-1007-53,VEH-1007,2026-05-15T22:26:25.984691,corrective,brake,high,"['brake fluid', 'calipers', 'brake pads']",1791.87,25.7,TECH-012,WS-003,Wear and tear on brake components,"Replaced brake fluid, calipers, brake pads",Routine high maintenance,2026-07-08T22:26:25.984691
REC-VEH-1007-64,VEH-1007,2026-05-04T22:26:25.984826,predictive,electrical,high,"['battery', 'starter motor', 'alternator']",2026.95,22.1,TECH-002,WS-004,Wear and tear on electrical components,"Replaced battery, starter motor, alternator",Routine high maintenance,2026-07-07T22:26:25.984826
REC-VEH-1007-107,VEH-1007,2026-03-22T22:26:25.984963,preventive,brake,critical,"['brake fluid', 'calipers', 'brake pads', 'brake rotors']",5573.56,73.4,TECH-004,WS-004,Wear and tear on brake components,"Replaced brake fluid, calipers, brake pads, brake rotors",Routine critical maintenance,2026-04-22T22:26:25.984963
REC-VEH-1007-210,VEH-1007,2025-12-09T22:26:25.985138,predictive,engine,high,"['piston rings', 'spark plugs', 'air filter']",1815.4,23.5,TECH-015,WS-004,Wear and tear on engine components,"Replaced piston rings, spark plugs, air filter",Routine high maintenance,2026-01-21T22:26:25.985138
REC-VEH-1007-267,VEH-1007,2025-10-13T22:26:25.985300,predictive,transmission,low,['gears'],240.97,1.7,TECH-001,WS-003,Wear and tear on transmission components,Replaced gears,Routine low maintenance,2025-12-02T22:26:25.985300
REC-VEH-1007-348,VEH-1007,2025-07-24T22:26:25.985455,corrective,brake,low,['brake fluid'],254.39,2.6,TECH-016,WS-004,Wear and tear on brake components,Replaced brake fluid,Routine low maintenance,2025-09-03T22:26:25.985455
REC-VEH-1007-91,VEH-1007,2026-04-07T22:26:25.985593,preventive,electrical,high,"['battery', 'wiring harness', 'starter motor']",1850.04,27.8,TECH-013,WS-001,Wear and tear on electrical components,"Replaced battery, wiring harness, starter motor",Routine high maintenance,2026-06-23T22:26:25.985593
REC-VEH-1007-157,VEH-1007,2026-01-31T22:26:25.985732,preventive,transmission,critical,"['transmission fluid', 'clutch', 'synchros', 'gears']",5554.66,73.3,TECH-002,WS-001,Wear and tear on transmission components,"Replaced transmission fluid, clutch, synchros, gears",Routine critical maintenance,2026-04-04T22:26:25.985732
REC-VEH-1007-291,VEH-1007,2025-09-19T22:26:25.985870,preventive,engine,high,"['piston rings', 'oil filter', 'spark plugs']",1801.66,25.3,TECH-014,WS-003,Wear and tear on engine components,"Replaced piston rings, oil filter, spark plugs",Routine high maintenance,2025-11-16T22:26:25.985870
REC-VEH-1007-100,VEH-1007,2026-03-29T22:26:25.986006,corrective,transmission,high,"['synchros', 'gears', 'transmission fluid']",2080.36,26.8,TECH-007,WS-003,Wear and tear on transmission components,"Replaced synchros, gears, transmission fluid",Routine high maintenance,2026-06-11T22:26:25.986006
REC-VEH-1008-0,VEH-1008,2026-07-07T22:26:25.986148,preventive,brake,medium,"['calipers', 'brake pads']",639.35,8.6,TECH-012,WS-004,Wear and tear on brake components,"Replaced calipers, brake pads",Routine medium maintenance,2026-08-26T22:26:25.986148
REC-VEH-1008-246,VEH-1008,2025-11-03T22:26:25.986285,corrective,brake,low,['brake pads'],236.08,2.7,TECH-011,WS-002,Wear and tear on brake components,Replaced brake pads,Routine low maintenance,2025-12-11T22:26:25.986285
REC-VEH-1008-46,VEH-1008,2026-05-22T22:26:25.986418,preventive,engine,medium,"['spark plugs', 'piston rings']",641.93,9.4,TECH-015,WS-001,Wear and tear on engine components,"Replaced spark plugs, piston rings",Routine medium maintenance,2026-07-27T22:26:25.986418
REC-VEH-1008-168,VEH-1008,2026-01-20T22:26:25.986555,preventive,electrical,high,"['wiring harness', 'battery', 'starter motor']",1771.28,25.4,TECH-006,WS-004,Wear and tear on electrical components,"Replaced wiring harness, battery, starter motor",Routine high maintenance,2026-02-24T22:26:25.986555
REC-VEH-1008-253,VEH-1008,2025-10-27T22:26:25.986692,predictive,electrical,low,['starter motor'],209.53,1.1,TECH-007,WS-004,Wear and tear on electrical components,Replaced starter motor,Routine low maintenance,2025-12-20T22:26:25.986692
REC-VEH-1008-31,VEH-1008,2026-06-06T22:26:25.986956,corrective,engine,medium,"['piston rings', 'spark plugs']",806.0,11.0,TECH-010,WS-001,Wear and tear on engine components,"Replaced piston rings, spark plugs",Routine medium maintenance,2026-07-29T22:26:25.986956
REC-VEH-1008-310,VEH-1008,2025-08-31T22:26:25.987208,preventive,electrical,high,"['alternator', 'battery', 'wiring harness']",2031.15,28.0,TECH-011,WS-001,Wear and tear on electrical components,"Replaced alternator, battery, wiring harness",Routine high maintenance,2025-10-06T22:26:25.987208
REC-VEH-1009-159,VEH-1009,2026-01-29T22:26:25.987435,corrective,electrical,high,"['wiring harness', 'starter motor', 'alternator']",1658.79,26.0,TECH-011,WS-004,Wear and tear on electrical components,"Replaced wiring harness, starter motor, alternator",Routine high maintenance,2026-03-19T22:26:25.987435
REC-VEH-1009-120,VEH-1009,2026-03-09T22:26:25.987645,preventive,transmission,medium,"['gears', 'synchros']",660.41,9.7,TECH-013,WS-003,Wear and tear on transmission components,"Replaced gears, synchros",Routine medium maintenance,2026-04-20T22:26:25.987645
REC-VEH-1009-147,VEH-1009,2026-02-10T22:26:25.987865,predictive,electrical,medium,"['battery', 'alternator']",759.83,11.8,TECH-009,WS-004,Wear and tear on electrical components,"Replaced battery, alternator",Routine medium maintenance,2026-03-24T22:26:25.987865
REC-VEH-1009-85,VEH-1009,2026-04-13T22:26:25.988008,predictive,transmission,critical,"['gears', 'synchros', 'transmission fluid', 'clutch']",5629.86,73.3,TECH-014,WS-004,Wear and tear on transmission components,"Replaced gears, synchros, transmission fluid, clutch",Routine critical maintenance,2026-05-28T22:26:25.988008
REC-VEH-1009-132,VEH-1009,2026-02-25T22:26:25.988147,corrective,brake,medium,"['brake pads', 'brake rotors']",795.26,8.9,TECH-011,WS-003,Wear and tear on brake components,"Replaced brake pads, brake rotors",Routine medium maintenance,2026-05-21T22:26:25.988147
REC-VEH-1009-137,VEH-1009,2026-02-20T22:26:25.988342,predictive,electrical,low,['wiring harness'],166.24,3.1,TECH-009,WS-002,Wear and tear on electrical components,Replaced wiring harness,Routine low maintenance,2026-05-20T22:26:25.988342
REC-VEH-1009-106,VEH-1009,2026-03-23T22:26:25.988599,corrective,brake,low,['brake rotors'],163.7,1.0,TECH-001,WS-002,Wear and tear on brake components,Replaced brake rotors,Routine low maintenance,2026-05-20T22:26:25.988599
REC-VEH-1009-120,VEH-1009,2026-03-09T22:26:25.988746,predictive,engine,medium,"['oil filter', 'spark plugs']",825.0,9.9,TECH-011,WS-003,Wear and tear on engine components,"Replaced oil filter, spark plugs",Routine medium maintenance,2026-05-20T22:26:25.988746
REC-VEH-1010-138,VEH-1010,2026-02-19T22:26:25.988889,preventive,brake,medium,"['brake fluid', 'brake rotors']",873.47,9.8,TECH-013,WS-004,Wear and tear on brake components,"Replaced brake fluid, brake rotors",Routine medium maintenance,2026-04-25T22:26:25.988889
REC-VEH-1010-90,VEH-1010,2026-04-08T22:26:25.989027,predictive,engine,critical,"['piston rings', 'oil filter', 'air filter', 'spark plugs']",5753.94,71.7,TECH-008,WS-001,Wear and tear on engine components,"Replaced piston rings, oil filter, air filter, spark plugs",Routine critical maintenance,2026-06-19T22:26:25.989027
REC-VEH-1010-46,VEH-1010,2026-05-22T22:26:25.989168,corrective,electrical,medium,"['starter motor', 'alternator']",742.95,11.2,TECH-002,WS-004,Wear and tear on electrical components,"Replaced starter motor, alternator",Routine medium maintenance,2026-06-25T22:26:25.989168
REC-VEH-1010-249,VEH-1010,2025-10-31T22:26:25.989308,preventive,electrical,medium,"['battery', 'starter motor']",750.62,8.7,TECH-016,WS-003,Wear and tear on electrical components,"Replaced battery, starter motor",Routine medium maintenance,2026-01-08T22:26:25.989308
REC-VEH-1010-157,VEH-1010,2026-01-31T22:26:25.989531,corrective,transmission,medium,"['gears', 'transmission fluid']",678.84,8.4,TECH-004,WS-001,Wear and tear on transmission components,"Replaced gears, transmission fluid",Routine medium maintenance,2026-03-29T22:26:25.989531
REC-VEH-1011-46,VEH-1011,2026-05-22T22:26:25.989714,corrective,engine,medium,"['oil filter', 'air filter']",667.15,12.0,TECH-007,WS-003,Wear and tear on engine components,"Replaced oil filter, air filter",Routine medium maintenance,2026-08-09T22:26:25.989714
REC-VEH-1011-137,VEH-1011,2026-02-20T22:26:25.989853,preventive,engine,medium,"['air filter', 'oil filter']",607.44,9.6,TECH-004,WS-004,Wear and tear on engine components,"Replaced air filter, oil filter",Routine medium maintenance,2026-04-17T22:26:25.989853
REC-VEH-1011-192,VEH-1011,2025-12-27T22:26:25.989988,corrective,electrical,medium,"['alternator', 'starter motor']",770.98,7.1,TECH-006,WS-003,Wear and tear on electrical components,"Replaced alternator, starter motor",Routine medium maintenance,2026-02-17T22:26:25.989988
REC-VEH-1011-342,VEH-1011,2025-07-30T22:26:25.990125,predictive,brake,low,['calipers'],208.09,4.0,TECH-002,WS-002,Wear and tear on brake components,Replaced calipers,Routine low maintenance,2025-08-29T22:26:25.990125
REC-VEH-1011-67,VEH-1011,2026-05-01T22:26:25.990262,predictive,brake,low,['brake pads'],247.33,5.2,TECH-008,WS-004,Wear and tear on brake components,Replaced brake pads,Routine low maintenance,2026-07-28T22:26:25.990262
REC-VEH-1011-64,VEH-1011,2026-05-04T22:26:25.990439,corrective,tire,medium,"['valve stems', 'TPMS sensors']",809.9,11.7,TECH-002,WS-001,Wear and tear on tire components,"Replaced valve stems, TPMS sensors",Routine medium maintenance,2026-07-20T22:26:25.990439
REC-VEH-1011-221,VEH-1011,2025-11-28T22:26:25.990606,predictive,brake,medium,"['brake rotors', 'brake pads']",888.83,7.0,TECH-001,WS-001,Wear and tear on brake components,"Replaced brake rotors, brake pads",Routine medium maintenance,2026-01-26T22:26:25.990606
REC-VEH-1011-260,VEH-1011,2025-10-20T22:26:25.990745,preventive,tire,medium,"['valve stems', 'tires']",765.84,10.9,TECH-019,WS-003,Wear and tear on tire components,"Replaced valve stems, tires",Routine medium maintenance,2026-01-16T22:26:25.990745
REC-VEH-1011-316,VEH-1011,2025-08-25T22:26:25.990882,preventive,electrical,medium,"['alternator', 'battery']",756.62,11.9,TECH-005,WS-001,Wear and tear on electrical components,"Replaced alternator, battery",Routine medium maintenance,2025-11-10T22:26:25.990882
REC-VEH-1011-342,VEH-1011,2025-07-30T22:26:25.991017,preventive,electrical,high,"['alternator', 'starter motor', 'battery']",1873.95,22.1,TECH-005,WS-003,Wear and tear on electrical components,"Replaced alternator, starter motor, battery",Routine high maintenance,2025-10-12T22:26:25.991017
REC-VEH-1011-332,VEH-1011,2025-08-09T22:26:25.991153,corrective,brake,medium,"['brake rotors', 'calipers']",848.1,10.1,TECH-008,WS-003,Wear and tear on brake components,"Replaced brake rotors, calipers",Routine medium maintenance,2025-10-02T22:26:25.991153
REC-VEH-1011-46,VEH-1011,2026-05-22T22:26:25.991291,corrective,transmission,low,['synchros'],278.99,4.0,TECH-010,WS-004,Wear and tear on transmission components,Replaced synchros,Routine low maintenance,2026-06-21T22:26:25.991291
REC-VEH-1011-134,VEH-1011,2026-02-23T22:26:25.991429,preventive,tire,critical,"['wheel bearings', 'tires', 'valve stems', 'TPMS sensors']",5267.64,70.9,TECH-006,WS-004,Wear and tear on tire components,"Replaced wheel bearings, tires, valve stems, TPMS sensors",Routine critical maintenance,2026-05-06T22:26:25.991429
REC-VEH-1011-240,VEH-1011,2025-11-09T22:26:25.991574,predictive,brake,low,['brake fluid'],247.88,5.7,TECH-008,WS-003,Wear and tear on brake components,Replaced brake fluid,Routine low maintenance,2025-12-27T22:26:25.991574
REC-VEH-1011-78,VEH-1011,2026-04-20T22:26:25.991712,predictive,brake,medium,"['brake pads', 'brake rotors']",614.1,11.6,TECH-019,WS-002,Wear and tear on brake components,"Replaced brake pads, brake rotors",Routine medium maintenance,2026-07-06T22:26:25.991712
REC-VEH-1011-24,VEH-1011,2026-06-13T22:26:25.991850,predictive,brake,medium,"['calipers', 'brake fluid']",692.67,9.6,TECH-015,WS-001,Wear and tear on brake components,"Replaced calipers, brake fluid",Routine medium maintenance,2026-08-31T22:26:25.991850
REC-VEH-1011-264,VEH-1011,2025-10-16T22:26:25.991985,preventive,engine,critical,"['oil filter', 'piston rings', 'air filter', 'spark plugs']",5527.99,73.4,TECH-003,WS-002,Wear and tear on engine components,"Replaced oil filter, piston rings, air filter, spark plugs",Routine critical maintenance,2026-01-10T22:26:25.991985
REC-VEH-1012-285,VEH-1012,2025-09-25T22:26:25.992129,predictive,brake,high,"['brake pads', 'brake rotors', 'calipers']",2091.42,27.3,TECH-016,WS-003,Wear and tear on brake components,"Replaced brake pads, brake rotors, calipers",Routine high maintenance,2025-11-03T22:26:25.992129
REC-VEH-1012-216,VEH-1012,2025-12-03T22:26:25.992266,corrective,transmission,low,['synchros'],150.06,6.0,TECH-015,WS-002,Wear and tear on transmission components,Replaced synchros,Routine low maintenance,2026-02-10T22:26:25.992266
REC-VEH-1012-210,VEH-1012,2025-12-09T22:26:25.992402,preventive,brake,medium,"['brake fluid', 'brake pads']",748.7,6.8,TECH-006,WS-002,Wear and tear on brake components,"Replaced brake fluid, brake pads",Routine medium maintenance,2026-01-22T22:26:25.992402
REC-VEH-1012-3,VEH-1012,2026-07-04T22:26:25.992585,corrective,engine,low,['oil filter'],237.5,5.9,TECH-009,WS-003,Wear and tear on engine components,Replaced oil filter,Routine low maintenance,2026-09-02T22:26:25.992585
REC-VEH-1012-143,VEH-1012,2026-02-14T22:26:25.992742,predictive,transmission,medium,"['clutch', 'transmission fluid']",785.49,10.6,TECH-018,WS-003,Wear and tear on transmission components,"Replaced clutch, transmission fluid",Routine medium maintenance,2026-04-15T22:26:25.992742
REC-VEH-1012-189,VEH-1012,2025-12-30T22:26:25.992880,preventive,transmission,medium,"['transmission fluid', 'synchros']",655.94,8.1,TECH-017,WS-001,Wear and tear on transmission components,"Replaced transmission fluid, synchros",Routine medium maintenance,2026-01-29T22:26:25.992880
REC-VEH-1012-205,VEH-1012,2025-12-14T22:26:25.993016,predictive,engine,medium,"['air filter', 'piston rings']",866.52,10.9,TECH-016,WS-002,Wear and tear on engine components,"Replaced air filter, piston rings",Routine medium maintenance,2026-03-04T22:26:25.993016
REC-VEH-1012-205,VEH-1012,2025-12-14T22:26:25.993152,preventive,brake,low,['brake fluid'],233.31,1.5,TECH-007,WS-004,Wear and tear on brake components,Replaced brake fluid,Routine low maintenance,2026-02-08T22:26:25.993152
REC-VEH-1012-246,VEH-1012,2025-11-03T22:26:25.993287,corrective,engine,medium,"['spark plugs', 'piston rings']",797.84,8.4,TECH-003,WS-002,Wear and tear on engine components,"Replaced spark plugs, piston rings",Routine medium maintenance,2025-12-25T22:26:25.993287
REC-VEH-1012-74,VEH-1012,2026-04-24T22:26:25.993427,corrective,brake,medium,"['brake pads', 'brake fluid']",652.74,10.9,TECH-013,WS-004,Wear and tear on brake components,"Replaced brake pads, brake fluid",Routine medium maintenance,2026-05-31T22:26:25.993427
REC-VEH-1012-189,VEH-1012,2025-12-30T22:26:25.993562,predictive,engine,low,['air filter'],282.34,4.7,TECH-001,WS-002,Wear and tear on engine components,Replaced air filter,Routine low maintenance,2026-03-02T22:26:25.993562
REC-VEH-1012-277,VEH-1012,2025-10-03T22:26:25.993696,preventive,brake,high,"['calipers', 'brake rotors', 'brake fluid']",2072.43,25.8,TECH-018,WS-003,Wear and tear on brake components,"Replaced calipers, brake rotors, brake fluid",Routine high maintenance,2025-12-15T22:26:25.993696
REC-VEH-1013-41,VEH-1013,2026-05-27T22:26:25.993839,preventive,brake,medium,"['brake fluid', 'brake pads']",727.34,9.5,TECH-006,WS-004,Wear and tear on brake components,"Replaced brake fluid, brake pads",Routine medium maintenance,2026-07-28T22:26:25.993839
REC-VEH-1013-359,VEH-1013,2025-07-13T22:26:25.993975,predictive,electrical,critical,"['wiring harness', 'alternator', 'starter motor', 'battery']",5334.41,74.9,TECH-017,WS-004,Wear and tear on electrical components,"Replaced wiring harness, alternator, starter motor, battery",Routine critical maintenance,2025-09-23T22:26:25.993975
REC-VEH-1013-142,VEH-1013,2026-02-15T22:26:25.994112,preventive,tire,medium,"['wheel bearings', 'valve stems']",700.72,9.3,TECH-006,WS-003,Wear and tear on tire components,"Replaced wheel bearings, valve stems",Routine medium maintenance,2026-03-19T22:26:25.994112
REC-VEH-1013-295,VEH-1013,2025-09-15T22:26:25.994248,preventive,brake,medium,"['brake pads', 'brake rotors']",806.85,7.0,TECH-006,WS-001,Wear and tear on brake components,"Replaced brake pads, brake rotors",Routine medium maintenance,2025-10-20T22:26:25.994248
REC-VEH-1013-196,VEH-1013,2025-12-23T22:26:25.994383,predictive,tire,medium,"['TPMS sensors', 'tires']",720.29,8.7,TECH-009,WS-002,Wear and tear on tire components,"Replaced TPMS sensors, tires",Routine medium maintenance,2026-01-27T22:26:25.994383
REC-VEH-1013-314,VEH-1013,2025-08-27T22:26:25.994554,preventive,brake,low,['calipers'],290.08,1.0,TECH-001,WS-001,Wear and tear on brake components,Replaced calipers,Routine low maintenance,2025-09-28T22:26:25.994554
REC-VEH-1013-338,VEH-1013,2025-08-03T22:26:25.994727,corrective,engine,medium,"['piston rings', 'spark plugs']",659.48,8.0,TECH-009,WS-002,Wear and tear on engine components,"Replaced piston rings, spark plugs",Routine medium maintenance,2025-10-18T22:26:25.994727
REC-VEH-1013-151,VEH-1013,2026-02-06T22:26:25.994864,corrective,engine,low,['oil filter'],210.9,1.0,TECH-006,WS-001,Wear and tear on engine components,Replaced oil filter,Routine low maintenance,2026-04-02T22:26:25.994864
REC-VEH-1013-362,VEH-1013,2025-07-10T22:26:25.994999,preventive,electrical,low,['starter motor'],256.16,5.0,TECH-010,WS-003,Wear and tear on electrical components,Replaced starter motor,Routine low maintenance,2025-09-21T22:26:25.994999
REC-VEH-1013-314,VEH-1013,2025-08-27T22:26:25.995135,preventive,engine,medium,"['piston rings', 'air filter']",613.95,9.8,TECH-018,WS-002,Wear and tear on engine components,"Replaced piston rings, air filter",Routine medium maintenance,2025-10-05T22:26:25.995135
REC-VEH-1013-261,VEH-1013,2025-10-19T22:26:25.995270,preventive,transmission,medium,"['synchros', 'gears']",893.85,10.7,TECH-009,WS-003,Wear and tear on transmission components,"Replaced synchros, gears",Routine medium maintenance,2025-12-11T22:26:25.995270
REC-VEH-1013-171,VEH-1013,2026-01-17T22:26:25.995408,corrective,engine,medium,"['spark plugs', 'oil filter']",720.71,7.4,TECH-006,WS-002,Wear and tear on engine components,"Replaced spark plugs, oil filter",Routine medium maintenance,2026-02-22T22:26:25.995408
REC-VEH-1013-266,VEH-1013,2025-10-14T22:26:25.995544,preventive,engine,critical,"['spark plugs', 'piston rings', 'air filter', 'oil filter']",5454.42,71.8,TECH-012,WS-003,Wear and tear on engine components,"Replaced spark plugs, piston rings, air filter, oil filter",Routine critical maintenance,2025-11-27T22:26:25.995544
REC-VEH-1013-34,VEH-1013,2026-06-03T22:26:25.995681,corrective,brake,medium,"['brake pads', 'brake rotors']",802.19,9.1,TECH-010,WS-004,Wear and tear on brake components,"Replaced brake pads, brake rotors",Routine medium maintenance,2026-08-15T22:26:25.995681
REC-VEH-1014-39,VEH-1014,2026-05-29T22:26:25.995878,preventive,engine,low,['spark plugs'],263.11,5.3,TECH-014,WS-002,Wear and tear on engine components,Replaced spark plugs,Routine low maintenance,2026-08-10T22:26:25.995878
REC-VEH-1014-116,VEH-1014,2026-03-13T22:26:25.996159,preventive,brake,medium,"['brake fluid', 'brake pads']",815.02,11.1,TECH-010,WS-001,Wear and tear on brake components,"Replaced brake fluid, brake pads",Routine medium maintenance,2026-05-07T22:26:25.996159
REC-VEH-1014-344,VEH-1014,2025-07-28T22:26:25.996411,corrective,electrical,low,['alternator'],188.23,2.6,TECH-015,WS-001,Wear and tear on electrical components,Replaced alternator,Routine low maintenance,2025-09-10T22:26:25.996411
REC-VEH-1014-47,VEH-1014,2026-05-21T22:26:25.996701,preventive,transmission,high,"['synchros', 'transmission fluid', 'gears']",1893.27,26.2,TECH-018,WS-002,Wear and tear on transmission components,"Replaced synchros, transmission fluid, gears",Routine high maintenance,2026-07-05T22:26:25.996701
REC-VEH-1014-350,VEH-1014,2025-07-22T22:26:25.996974,predictive,brake,high,"['brake fluid', 'calipers', 'brake rotors']",1957.55,26.0,TECH-005,WS-001,Wear and tear on brake components,"Replaced brake fluid, calipers, brake rotors",Routine high maintenance,2025-10-15T22:26:25.996974
REC-VEH-1014-254,VEH-1014,2025-10-26T22:26:25.997123,corrective,electrical,low,['wiring harness'],212.44,5.4,TECH-005,WS-001,Wear and tear on electrical components,Replaced wiring harness,Routine low maintenance,2025-12-17T22:26:25.997123
REC-VEH-1014-305,VEH-1014,2025-09-05T22:26:25.997332,preventive,transmission,medium,"['synchros', 'gears']",839.2,8.4,TECH-009,WS-003,Wear and tear on transmission components,"Replaced synchros, gears",Routine medium maintenance,2025-10-06T22:26:25.997332
REC-VEH-1014-142,VEH-1014,2026-02-15T22:26:25.997493,corrective,brake,low,['brake pads'],274.29,1.5,TECH-017,WS-003,Wear and tear on brake components,Replaced brake pads,Routine low maintenance,2026-04-06T22:26:25.997493
REC-VEH-1015-230,VEH-1015,2025-11-19T22:26:25.997690,predictive,engine,medium,"['air filter', 'piston rings']",801.84,11.6,TECH-012,WS-001,Wear and tear on engine components,"Replaced air filter, piston rings",Routine medium maintenance,2025-12-26T22:26:25.997690
REC-VEH-1015-250,VEH-1015,2025-10-30T22:26:25.997841,preventive,engine,high,"['air filter', 'spark plugs', 'piston rings']",2087.52,27.3,TECH-016,WS-003,Wear and tear on engine components,"Replaced air filter, spark plugs, piston rings",Routine high maintenance,2026-01-16T22:26:25.997841
REC-VEH-1015-235,VEH-1015,2025-11-14T22:26:25.997981,corrective,electrical,medium,"['battery', 'starter motor']",819.51,6.9,TECH-007,WS-003,Wear and tear on electrical components,"Replaced battery, starter motor",Routine medium maintenance,2026-01-30T22:26:25.997981
REC-VEH-1015-44,VEH-1015,2026-05-24T22:26:25.998119,predictive,tire,low,['wheel bearings'],285.75,4.2,TECH-005,WS-001,Wear and tear on tire components,Replaced wheel bearings,Routine low maintenance,2026-06-24T22:26:25.998119
REC-VEH-1015-292,VEH-1015,2025-09-18T22:26:25.998257,corrective,brake,low,['brake fluid'],261.03,3.5,TECH-007,WS-003,Wear and tear on brake components,Replaced brake fluid,Routine low maintenance,2025-11-19T22:26:25.998257
REC-VEH-1015-19,VEH-1015,2026-06-18T22:26:25.998405,predictive,electrical,high,"['battery', 'starter motor', 'alternator']",1844.31,26.5,TECH-008,WS-003,Wear and tear on electrical components,"Replaced battery, starter motor, alternator",Routine high maintenance,2026-07-25T22:26:25.998405
REC-VEH-1015-104,VEH-1015,2026-03-25T22:26:25.998636,corrective,brake,low,['calipers'],233.64,3.1,TECH-016,WS-001,Wear and tear on brake components,Replaced calipers,Routine low maintenance,2026-06-13T22:26:25.998636
REC-VEH-1015-121,VEH-1015,2026-03-08T22:26:25.998951,predictive,transmission,low,['synchros'],185.51,1.0,TECH-004,WS-003,Wear and tear on transmission components,Replaced synchros,Routine low maintenance,2026-05-11T22:26:25.998951
REC-VEH-1015-301,VEH-1015,2025-09-09T22:26:25.999174,preventive,brake,critical,"['brake fluid', 'brake pads', 'calipers', 'brake rotors']",5601.7,73.2,TECH-019,WS-002,Wear and tear on brake components,"Replaced brake fluid, brake pads, calipers, brake rotors",Routine critical maintenance,2025-10-16T22:26:25.999174
REC-VEH-1015-51,VEH-1015,2026-05-17T22:26:25.999319,corrective,electrical,medium,"['battery', 'wiring harness']",623.44,7.0,TECH-008,WS-003,Wear and tear on electrical components,"Replaced battery, wiring harness",Routine medium maintenance,2026-08-11T22:26:25.999319
REC-VEH-1015-125,VEH-1015,2026-03-04T22:26:25.999459,corrective,brake,medium,"['brake pads', 'brake fluid']",741.41,9.2,TECH-016,WS-002,Wear and tear on brake components,"Replaced brake pads, brake fluid",Routine medium maintenance,2026-04-22T22:26:25.999459
REC-VEH-1015-288,VEH-1015,2025-09-22T22:26:25.999596,corrective,brake,high,"['brake pads', 'brake rotors', 'brake fluid']",1840.15,22.9,TECH-006,WS-003,Wear and tear on brake components,"Replaced brake pads, brake rotors, brake fluid",Routine high maintenance,2025-12-07T22:26:25.999596
REC-VEH-1015-317,VEH-1015,2025-08-24T22:26:25.999737,preventive,tire,high,"['valve stems', 'TPMS sensors', 'wheel bearings']",1732.67,27.8,TECH-018,WS-002,Wear and tear on tire components,"Replaced valve stems, TPMS sensors, wheel bearings",Routine high maintenance,2025-10-23T22:26:25.999737
REC-VEH-1015-109,VEH-1015,2026-03-20T22:26:25.999877,preventive,brake,high,"['brake rotors', 'brake pads', 'brake fluid']",2093.64,25.9,TECH-017,WS-004,Wear and tear on brake components,"Replaced brake rotors, brake pads, brake fluid",Routine high maintenance,2026-06-10T22:26:25.999877
REC-VEH-1016-177,VEH-1016,2026-01-11T22:26:26.000021,preventive,brake,low,['brake pads'],223.06,1.6,TECH-018,WS-001,Wear and tear on brake components,Replaced brake pads,Routine low maintenance,2026-02-23T22:26:26.000021
REC-VEH-1016-277,VEH-1016,2025-10-03T22:26:26.000159,predictive,engine,critical,"['oil filter', 'spark plugs', 'piston rings', 'air filter']",5703.91,70.6,TECH-003,WS-003,Wear and tear on engine components,"Replaced oil filter, spark plugs, piston rings, air filter",Routine critical maintenance,2025-12-03T22:26:26.000159
REC-VEH-1016-276,VEH-1016,2025-10-04T22:26:26.000296,predictive,engine,low,['piston rings'],255.82,4.0,TECH-018,WS-002,Wear and tear on engine components,Replaced piston rings,Routine low maintenance,2025-12-02T22:26:26.000296
REC-VEH-1016-119,VEH-1016,2026-03-10T22:26:26.000433,preventive,tire,low,['TPMS sensors'],235.74,4.4,TECH-003,WS-004,Wear and tear on tire components,Replaced TPMS sensors,Routine low maintenance,2026-04-16T22:26:26.000433
REC-VEH-1016-83,VEH-1016,2026-04-15T22:26:26.000610,predictive,engine,low,['oil filter'],240.62,5.2,TECH-016,WS-002,Wear and tear on engine components,Replaced oil filter,Routine low maintenance,2026-06-05T22:26:26.000610
REC-VEH-1016-165,VEH-1016,2026-01-23T22:26:26.000763,predictive,engine,medium,"['oil filter', 'piston rings']",814.21,11.4,TECH-015,WS-001,Wear and tear on engine components,"Replaced oil filter, piston rings",Routine medium maintenance,2026-02-23T22:26:26.000763
REC-VEH-1016-232,VEH-1016,2025-11-17T22:26:26.000914,predictive,electrical,critical,"['battery', 'starter motor', 'wiring harness', 'alternator']",5403.93,74.1,TECH-013,WS-003,Wear and tear on electrical components,"Replaced battery, starter motor, wiring harness, alternator",Routine critical maintenance,2026-02-02T22:26:26.000914
REC-VEH-1016-102,VEH-1016,2026-03-27T22:26:26.001051,predictive,engine,medium,"['air filter', 'piston rings']",779.48,11.5,TECH-011,WS-002,Wear and tear on engine components,"Replaced air filter, piston rings",Routine medium maintenance,2026-05-22T22:26:26.001051
REC-VEH-1016-68,VEH-1016,2026-04-30T22:26:26.001188,predictive,brake,high,"['calipers', 'brake pads', 'brake rotors']",1993.67,24.2,TECH-004,WS-001,Wear and tear on brake components,"Replaced calipers, brake pads, brake rotors",Routine high maintenance,2026-06-15T22:26:26.001188
REC-VEH-1016-46,VEH-1016,2026-05-22T22:26:26.001325,preventive,engine,high,"['spark plugs', 'oil filter', 'piston rings']",1781.29,23.6,TECH-019,WS-004,Wear and tear on engine components,"Replaced spark plugs, oil filter, piston rings",Routine high maintenance,2026-08-03T22:26:26.001325
REC-VEH-1016-208,VEH-1016,2025-12-11T22:26:26.001461,preventive,engine,low,['piston rings'],252.0,4.6,TECH-011,WS-001,Wear and tear on engine components,Replaced piston rings,Routine low maintenance,2026-02-12T22:26:26.001461
REC-VEH-1017-357,VEH-1017,2025-07-15T22:26:26.001604,predictive,brake,low,['brake pads'],295.37,1.0,TECH-005,WS-004,Wear and tear on brake components,Replaced brake pads,Routine low maintenance,2025-10-07T22:26:26.001604
REC-VEH-1017-246,VEH-1017,2025-11-03T22:26:26.001761,predictive,electrical,high,"['alternator', 'wiring harness', 'starter motor']",1955.52,23.9,TECH-006,WS-004,Wear and tear on electrical components,"Replaced alternator, wiring harness, starter motor",Routine high maintenance,2026-01-01T22:26:26.001761
REC-VEH-1017-26,VEH-1017,2026-06-11T22:26:26.001901,predictive,electrical,medium,"['starter motor', 'battery']",672.48,10.9,TECH-009,WS-002,Wear and tear on electrical components,"Replaced starter motor, battery",Routine medium maintenance,2026-08-06T22:26:26.001901
REC-VEH-1017-271,VEH-1017,2025-10-09T22:26:26.002037,predictive,transmission,medium,"['clutch', 'transmission fluid']",717.74,11.5,TECH-014,WS-002,Wear and tear on transmission components,"Replaced clutch, transmission fluid",Routine medium maintenance,2025-12-01T22:26:26.002037
REC-VEH-1017-165,VEH-1017,2026-01-23T22:26:26.002174,preventive,electrical,low,['battery'],286.38,1.0,TECH-007,WS-002,Wear and tear on electrical components,Replaced battery,Routine low maintenance,2026-03-25T22:26:26.002174
REC-VEH-1018-262,VEH-1018,2025-10-18T22:26:26.002315,corrective,engine,medium,"['piston rings', 'air filter']",669.91,9.1,TECH-013,WS-004,Wear and tear on engine components,"Replaced piston rings, air filter",Routine medium maintenance,2025-12-23T22:26:26.002315
REC-VEH-1018-244,VEH-1018,2025-11-05T22:26:26.002451,predictive,transmission,low,['synchros'],187.34,5.1,TECH-011,WS-001,Wear and tear on transmission components,Replaced synchros,Routine low maintenance,2026-01-16T22:26:26.002451
REC-VEH-1018-225,VEH-1018,2025-11-24T22:26:26.002730,corrective,electrical,low,['wiring harness'],232.91,1.0,TECH-007,WS-003,Wear and tear on electrical components,Replaced wiring harness,Routine low maintenance,2026-02-18T22:26:26.002730
REC-VEH-1018-18,VEH-1018,2026-06-19T22:26:26.003027,predictive,electrical,medium,"['starter motor', 'wiring harness']",763.08,6.7,TECH-019,WS-002,Wear and tear on electrical components,"Replaced starter motor, wiring harness",Routine medium maintenance,2026-07-24T22:26:26.003027
REC-VEH-1018-109,VEH-1018,2026-03-20T22:26:26.003252,preventive,engine,medium,"['spark plugs', 'oil filter']",798.59,8.8,TECH-012,WS-004,Wear and tear on engine components,"Replaced spark plugs, oil filter",Routine medium maintenance,2026-06-13T22:26:26.003252
REC-VEH-1018-80,VEH-1018,2026-04-18T22:26:26.003467,predictive,transmission,high,"['synchros', 'clutch', 'gears']",1700.65,27.4,TECH-014,WS-001,Wear and tear on transmission components,"Replaced synchros, clutch, gears",Routine high maintenance,2026-06-01T22:26:26.003467
REC-VEH-1018-36,VEH-1018,2026-06-01T22:26:26.003674,preventive,engine,critical,"['air filter', 'piston rings', 'oil filter', 'spark plugs']",5785.05,74.6,TECH-002,WS-003,Wear and tear on engine components,"Replaced air filter, piston rings, oil filter, spark plugs",Routine critical maintenance,2026-08-15T22:26:26.003674
REC-VEH-1018-106,VEH-1018,2026-03-23T22:26:26.003892,predictive,transmission,low,['gears'],263.28,3.0,TECH-002,WS-003,Wear and tear on transmission components,Replaced gears,Routine low maintenance,2026-05-04T22:26:26.003892
REC-VEH-1018-87,VEH-1018,2026-04-11T22:26:26.004114,preventive,tire,high,"['TPMS sensors', 'valve stems', 'tires']",1888.41,26.7,TECH-019,WS-003,Wear and tear on tire components,"Replaced TPMS sensors, valve stems, tires",Routine high maintenance,2026-05-25T22:26:26.004114
REC-VEH-1018-43,VEH-1018,2026-05-25T22:26:26.004476,predictive,electrical,low,['wiring harness'],276.25,4.7,TECH-019,WS-002,Wear and tear on electrical components,Replaced wiring harness,Routine low maintenance,2026-07-01T22:26:26.004476
REC-VEH-1018-215,VEH-1018,2025-12-04T22:26:26.004815,preventive,brake,low,['brake pads'],299.12,4.9,TECH-013,WS-003,Wear and tear on brake components,Replaced brake pads,Routine low maintenance,2026-01-22T22:26:26.004815
REC-VEH-1018-361,VEH-1018,2025-07-11T22:26:26.005039,corrective,electrical,low,['battery'],280.67,5.5,TECH-001,WS-003,Wear and tear on electrical components,Replaced battery,Routine low maintenance,2025-09-16T22:26:26.005039
REC-VEH-1018-145,VEH-1018,2026-02-12T22:26:26.005253,predictive,brake,low,['calipers'],259.69,4.3,TECH-019,WS-004,Wear and tear on brake components,Replaced calipers,Routine low maintenance,2026-04-08T22:26:26.005253
REC-VEH-1018-169,VEH-1018,2026-01-19T22:26:26.005464,preventive,electrical,medium,"['wiring harness', 'starter motor']",608.05,8.7,TECH-017,WS-002,Wear and tear on electrical components,"Replaced wiring harness, starter motor",Routine medium maintenance,2026-04-14T22:26:26.005464
REC-VEH-1018-337,VEH-1018,2025-08-04T22:26:26.005698,preventive,engine,high,"['spark plugs', 'oil filter', 'piston rings']",1927.88,25.7,TECH-003,WS-002,Wear and tear on engine components,"Replaced spark plugs, oil filter, piston rings",Routine high maintenance,2025-10-15T22:26:26.005698
REC-VEH-1018-333,VEH-1018,2025-08-08T22:26:26.005913,corrective,engine,low,['oil filter'],187.25,1.0,TECH-002,WS-002,Wear and tear on engine components,Replaced oil filter,Routine low maintenance,2025-10-04T22:26:26.005913
REC-VEH-1018-117,VEH-1018,2026-03-12T22:26:26.006178,preventive,tire,medium,"['valve stems', 'wheel bearings']",822.16,6.7,TECH-006,WS-001,Wear and tear on tire components,"Replaced valve stems, wheel bearings",Routine medium maintenance,2026-05-10T22:26:26.006178
REC-VEH-1018-112,VEH-1018,2026-03-17T22:26:26.006386,preventive,engine,medium,"['air filter', 'oil filter']",729.56,10.8,TECH-015,WS-004,Wear and tear on engine components,"Replaced air filter, oil filter",Routine medium maintenance,2026-06-03T22:26:26.006386
REC-VEH-1019-18,VEH-1019,2026-06-19T22:26:26.006613,preventive,brake,high,"['brake fluid', 'calipers', 'brake rotors']",1792.8,26.7,TECH-012,WS-003,Wear and tear on brake components,"Replaced brake fluid, calipers, brake rotors",Routine high maintenance,2026-09-10T22:26:26.006613
REC-VEH-1019-77,VEH-1019,2026-04-21T22:26:26.006826,predictive,transmission,low,['clutch'],214.42,5.8,TECH-006,WS-003,Wear and tear on transmission components,Replaced clutch,Routine low maintenance,2026-06-22T22:26:26.006826
REC-VEH-1019-113,VEH-1019,2026-03-16T22:26:26.007041,corrective,engine,low,['oil filter'],215.25,1.5,TECH-013,WS-003,Wear and tear on engine components,Replaced oil filter,Routine low maintenance,2026-05-12T22:26:26.007041
REC-VEH-1019-133,VEH-1019,2026-02-24T22:26:26.007250,predictive,engine,low,['oil filter'],163.54,3.2,TECH-007,WS-003,Wear and tear on engine components,Replaced oil filter,Routine low maintenance,2026-05-10T22:26:26.007250
REC-VEH-1019-288,VEH-1019,2025-09-22T22:26:26.007468,preventive,brake,medium,"['brake fluid', 'calipers']",783.24,10.3,TECH-011,WS-001,Wear and tear on brake components,"Replaced brake fluid, calipers",Routine medium maintenance,2025-11-17T22:26:26.007468
REC-VEH-1019-356,VEH-1019,2025-07-16T22:26:26.007687,preventive,brake,medium,"['calipers', 'brake pads']",869.09,8.1,TECH-019,WS-003,Wear and tear on brake components,"Replaced calipers, brake pads",Routine medium maintenance,2025-08-16T22:26:26.007687
REC-VEH-1019-47,VEH-1019,2026-05-21T22:26:26.007901,preventive,brake,low,['calipers'],212.96,3.8,TECH-003,WS-003,Wear and tear on brake components,Replaced calipers,Routine low maintenance,2026-07-05T22:26:26.007901
